feature_numerica1,feature_numerica2,feature_categorica,target
67.82055200432819,94.66030986593015,B,0
62.249450675062214,114.90602351666801,A,1
82.64366502525746,123.64466783830889,A,1
37.246669322323314,55.71071488098881,C,1
70.11079887744158,109.79716995970624,C,1
68.75729044480873,113.95223063307961,A,1
43.31945394367558,103.06139359211122,B,1
67.08560003767792,142.28184597539698,B,1
59.03373955631474,120.54450185627178,C,0
52.2702848805591,142.75479770202242,A,0
45.112774156336,104.6009869912442,A,1
46.37068658260977,133.43693731267314,C,1
79.59774514943112,150.876659863188,A,1
55.00819382748979,142.79233623181653,A,1
64.3855600183775,82.69646016428167,C,0
45.509207419989366,103.65809806144047,C,0
45.64176464534033,101.37088236375509,A,1
67.9838177109993,122.23136337690819,A,1
38.805085461381616,127.15883887536333,A,0
50.01743478513674,89.02768314935659,A,1
55.40832893286679,111.69596284792344,C,1
56.33647122208063,59.50181669609659,B,1
52.85088057980612,146.04862514504725,C,1
59.74983737315108,97.19064398308267,C,0
63.31426906981374,111.39659849611242,B,1
63.81565054551196,102.25875715029846,A,1
43.17035429598608,138.6506893753354,B,1
51.590138824854435,39.06233896506552,C,0
69.33715434252325,109.58474144185227,C,1
65.73576625088647,107.35453106255756,A,0
38.52568658222724,98.65909031020793,C,0
59.21775880422642,153.15566364089082,B,1
31.26129700750228,87.81676352860572,C,0
55.56321882472444,129.29490443089153,A,1
77.77320420095172,118.90631971765208,B,0
43.625287392772165,141.5379813133879,C,1
44.988123454101014,93.32027288056237,B,0
64.16835737887432,91.67577752190603,B,0
36.48638181748425,137.40174768693495,A,0
47.40693964137953,120.63303270825276,A,1
62.15729365098103,71.37656633308103,B,1
47.38856982772716,96.51737463841823,C,0
52.16836015346834,119.65956634620153,A,1
63.930228523780414,130.94410553866473,B,1
60.058553002438735,93.01923367017612,C,1
58.20182075554482,37.14360025457647,A,0
50.93053264875954,123.08057964342584,B,1
59.44073338322747,79.4919827514006,C,0
53.51520783880292,59.56653004693972,C,0
60.49366731910942,39.19185187539648,C,1
49.03681569858426,130.34952150494354,C,1
52.80917230744551,113.21543626012416,A,0
43.120506489375835,104.3585904821937,C,0
54.57990867992517,144.72560907406904,A,1
45.26798963645386,125.93311707557682,C,1
41.63144259805608,150.4075010680479,A,0
58.10393377426466,75.1816131958251,C,1
57.552877310291926,109.13623440115092,C,0
64.39448481938287,69.58216562629964,C,0
49.82649316509881,104.26544170361332,A,1
59.89663416204107,103.78460365583307,B,0
61.609570867283956,125.66534093157676,C,0
60.33728569397914,111.13909702854745,C,1
45.09215580637429,125.5851784569979,A,1
56.792361787254265,127.58600332847236,C,0
59.369683552655935,163.87321693457855,C,1
55.0861416028953,102.11758361784689,A,1
29.962268099546982,86.47443248334052,C,0
56.92587548768176,116.15209038291022,B,1
81.55037247276691,89.94299932151141,B,0
50.67952877491621,147.0490192109134,B,1
46.26307482573615,102.91954902636918,B,1
59.48018271653678,95.86059080315025,C,1
58.74853852559886,98.21710697122205,B,0
69.31282198499697,127.96043558679102,C,1
39.90558212909335,106.05632541921287,C,1
63.77656303089991,93.95832949674045,C,0
62.08506473501756,151.63379794058827,A,0
53.294241556713445,88.59575398345625,C,0
59.06424781506028,110.88915185082485,B,1
67.35348977918028,126.30765379025576,A,1
65.4677845603414,69.21662223957317,A,0
41.283768255115255,122.00651253514812,B,1
64.84189824106582,83.62230811298876,C,1
54.22373673960978,130.56956952085005,B,1
55.87448917618619,85.93372470202559,C,0
55.87836389202033,127.31922579622152,A,1
53.197084134420884,137.64582665736782,B,0
69.30048996528478,131.53591314082013,C,0
53.99538448180945,116.28291620595256,C,1
41.565446459401976,104.21747642675751,A,0
50.27764172836326,95.58951059162891,B,0
57.144336601725705,146.7758672704276,A,0
69.7505774115646,92.51261949580892,B,0
62.237136219386,84.0733481607501,C,0
44.79357665503547,126.63422337582075,C,1
84.8222790001467,90.09657992033762,A,0
58.177303731735755,86.24841256334682,C,0
70.30468885598818,73.90989344575587,B,0
53.17942679707325,97.92725401348706,B,1
61.400310936465395,107.93212440258768,B,1
65.07362205422086,116.07729319151747,C,0
69.61833654105106,133.78265610748707,B,1
67.6884196645387,123.17244809164484,B,0
65.46636400087573,105.2281945111705,B,0
51.218959225670694,105.045108090507,A,0
48.13904749652726,122.75393672287959,C,0
58.99129012389037,141.81425407321424,B,0
66.19753686809284,113.15785498708,A,1
52.32735159068071,98.27172864473978,C,0
67.78206358857264,85.17834997286135,C,1
72.43140094583416,73.86986838969436,C,0
44.004148971118966,126.65674180108807,B,0
44.95695155444464,124.44946309098893,A,1
53.315499293135964,124.43408812766654,B,1
58.69135201827036,106.7835138411986,A,0
48.70519583479539,145.17336864729378,C,1
71.22643214640573,97.89703763537956,A,0
60.08880233822141,133.88173093018014,A,0
55.47336457888888,109.03142762526143,B,0
37.76908571357767,94.79123088301657,B,0
39.210210202869916,124.81325768294403,C,0
58.372111003381676,120.24090296709984,B,0
29.408852486141967,118.92431898167315,A,1
67.15164891572886,112.03196055140496,A,0
53.10215386753216,109.05267295707922,B,1
93.9171156351368,169.70929982176096,A,0
82.69499500739333,139.60641612990432,C,1
52.8226111690298,128.0706723746378,B,1
53.72395596962422,112.7949789550847,C,0
66.94697816802436,135.17893001491672,C,0
75.43807131901644,122.9498694097863,C,1
35.3436513107678,110.65511881935089,C,1
33.56349441574376,102.41089186835212,A,0
47.53558233334742,107.9770665584328,A,0
61.992850998086375,30.739356603048606,B,1
60.96248308609117,115.26502098244104,C,0
67.83725745980621,97.78809799724101,C,1
40.6036296596163,149.8167499570721,C,0
27.206273644373482,110.48360177029386,A,0
65.29617034362575,80.27591451162596,C,1
45.061644724417185,108.75299614679706,B,1
30.778145627336343,83.8469728734374,A,0
56.74076495151258,121.83518539281167,B,1
64.51810825862412,117.27368410848713,A,1
53.53531441454467,133.9459907777067,B,1
49.505819365810126,90.22795520763586,B,0
53.08765321424912,110.85020240570367,B,1
50.5530068511906,75.87445511433413,C,1
38.82343465671799,127.53736954811787,C,1
46.42383187611482,122.97177951100305,C,1
61.25535886016577,122.39512552568927,B,0
58.860142496518,110.04047578392353,C,1
57.016717671601846,120.36932226971977,C,1
43.058218217759446,150.1084777077149,A,0
52.821962054371994,102.87264357394965,B,1
28.875219442685744,113.46612959275211,A,0
57.14171996662468,82.84684252046475,A,1
72.14629249376281,88.29347596004169,C,0
37.31041441549473,112.44533232733268,C,1
47.96886792018694,137.5983386675477,A,1
58.94928134452155,103.59297939371069,C,1
70.03411161312981,104.10208676719691,C,1
49.621304604398205,99.82786888739064,C,1
46.69299604880924,96.63108322889192,A,0
31.372922291007,117.37428639272053,C,1
56.241257551697274,72.56855887053388,B,1
79.50491248172493,142.02348941666818,B,1
58.32830154357611,93.36444254676348,A,0
54.73265224979544,128.04758713595353,A,1
58.864987729203825,78.2500350651531,C,1
54.86689595261677,126.72100326365546,B,1
45.24382753287844,126.79861519536243,A,0
64.87935898813247,119.60505180014741,A,0
57.709138277341054,85.13928695500519,C,1
55.21135902320389,116.23870473995193,A,0
43.295607672661,80.42359538164027,C,1
70.64209518321711,103.68091862259537,A,0
62.97643294399732,135.73532752388314,A,1
48.36494995159238,129.91754817676855,B,0
67.02189824418325,110.37957356351083,B,1
49.02914993937751,85.62983560192896,B,1
45.615958089867554,126.13969280435484,B,0
45.88356259023655,110.48453094245063,C,0
33.74717736294291,51.99211004423942,C,0
60.658508565018465,129.56574565791294,A,1
33.026261459939796,109.3941791532577,B,1
40.258674024810844,140.0612811995768,C,1
30.0929438910576,82.61823702892988,B,1
53.96716368650928,30.58240467009999,A,1
53.19615447673753,116.97709645862963,C,0
51.07964544176363,117.28909191704932,C,0
42.48906766395309,67.7332093098387,B,0
40.93319495876032,85.53751135333485,A,1
60.57243836255889,178.88044359299755,A,1
48.393376819498144,102.35973464615492,C,0
58.796299858433734,128.2739744094054,A,1
44.37701576650933,93.73350431579041,B,1
57.172752913252985,57.74242752867109,B,1
70.63933644779277,105.74354383010237,A,0
62.0339896047134,103.35988599284737,C,0
50.05103418140224,100.0030440332907,C,1
58.08638764427113,107.13397911234019,C,1
52.112017905637444,116.60670679114091,A,1
55.09456221633674,106.24707621865484,A,0
51.09266737421795,78.3998458013159,B,0
53.027977529375306,122.15461978904847,A,1
57.5451202368901,61.26570611693942,C,1
43.079695605016596,58.74106356789499,A,1
42.80945407612026,128.4795123675392,B,1
38.337489354025465,122.67550680338393,B,0
35.79674674595548,108.5651158731491,C,1
40.39260769335425,75.1137873811232,A,1
56.91355008164955,92.30222648314812,B,0
44.28654981409739,103.4313313078374,A,1
61.16337357077315,70.10265078564717,C,0
55.41656498503074,91.52428354941918,A,0
31.377949438743357,126.308258454417,C,0
62.85970701066028,145.6826341072304,C,0
64.72958374710052,99.51413118353624,A,0
43.07364790198176,128.91220885790247,C,1
60.0422985147399,62.14849823531332,A,1
44.72202115108961,126.48628102784029,C,1
56.17204452098002,89.90128963181297,B,0
39.82601911654041,117.68364041769925,B,0
33.48272256958508,103.80618954400727,B,1
50.406193724644375,143.01035024459586,A,0
53.51525264470197,88.13910879150205,C,0
50.22784367662475,125.69015743904578,A,1
40.791633301329284,103.01231341758667,C,1
50.201211254426354,106.0423630497584,B,1
58.23153703096881,105.40365267101976,C,1
54.46128363852956,88.85817238764717,A,0
57.19001236719056,109.64752585233322,B,1
46.9586175945492,108.43379444695447,B,0
69.06061497659391,116.03100621016823,C,1
40.88591996134264,112.11262864232157,A,0
60.850723565040624,129.94986374030591,A,1
69.18269311551954,133.08771540118423,A,0
60.770897112986745,83.73441695430498,C,1
52.56970927522204,131.71931251476929,A,1
48.66043544004425,80.34158932225364,B,1
67.43305181255508,124.69639720344338,A,1
37.924300896859926,125.49346961757172,C,1
43.35850887544427,62.2170777084374,C,1
50.229306814099346,112.32448116323525,B,1
69.85184509014398,98.28759716599211,B,1
59.55721163249075,91.03086855161563,A,1
43.383450897877054,143.77130826747515,A,1
51.27630753538116,93.65802148406453,A,1
47.628122270844464,89.84057677204876,C,1
46.48253209319758,111.89237350012733,B,1
66.74667470268135,127.13974365746041,C,1
38.53908244883793,106.45878534974683,B,1
74.30537026881248,139.15926364173131,C,0
64.93875628221548,123.27439154910226,B,1
68.09034004724438,55.544717006714244,B,1
49.4447258556969,96.76332591232479,A,1
53.20071137105069,95.95394751620752,B,1
37.80217822570346,121.98402383573556,B,0
48.70405111519837,44.37957359064721,C,1
60.92385817171781,173.72524271794305,C,1
70.55275674137675,123.27565237235525,B,1
41.71411819837058,113.72192009794227,A,0
50.61392875617681,139.53919291047865,B,1
53.18440935720973,168.59135132031562,B,1
38.25052957369018,131.76866611471007,A,0
62.096190901100805,133.7203274117905,C,0
46.31211601908869,113.26725061160955,C,0
52.655315785875715,106.46185616582629,C,1
49.57660753705747,98.10511389987747,A,0
45.52793793136391,89.34720020713645,C,0
54.915460174233345,92.82464750751257,C,1
52.41268505718373,76.23610089142542,B,0
50.53770541265601,108.10321373287442,B,0
46.25846053983589,67.88331056934032,C,1
58.83429604939546,114.77291310359277,B,1
74.84340722190743,109.09173479894146,B,1
56.67864679406953,113.6733824596672,B,1
66.95341857893355,96.94671074950018,B,1
38.317336898158445,186.92150925451259,A,1
56.893137271525234,144.0028975045078,C,0
41.8315801723472,78.88643749788193,C,0
37.27690086961718,115.82170218567245,C,1
46.127543110491565,94.79984642656692,A,0
69.30279201296287,84.63800683231466,C,1
66.40018994403574,76.49819822190162,A,1
57.9160566646528,120.80541726898134,A,0
36.60759328132083,92.96549412326065,B,0
52.64463218334476,134.1956506006301,B,0
58.620400106820824,134.84455536326098,B,1
57.10643475494317,144.34785963028622,A,1
32.87447699823105,88.69033084814741,B,1
44.316185823761536,121.88414026730025,A,0
54.2310668302154,125.81135541605752,C,1
61.43549091420628,98.14554562240087,B,1
28.64646614680064,90.70570106517812,C,0
53.0545122942417,150.23801664439932,B,1
56.71658523854743,115.68739689330134,A,1
65.19534386219456,125.89919376779345,C,0
63.31429101084924,89.44809970430181,A,1
61.990855825705665,79.51788833694516,B,0
45.40071391957679,95.76375563769724,C,1
32.10397435452031,106.89946531525007,A,0
50.28336691526319,83.39449982956629,C,1
67.01958190250272,109.75387978374043,B,1
71.72145433029317,67.7873702982875,A,1
63.526589227573425,81.99881443825319,A,1
60.15208987362081,126.77278120692188,A,1
59.55567578063159,125.09476300694735,C,1
48.32657503887063,100.20308086532835,C,1
53.43927647735656,84.55589227307618,A,1
75.02883430991596,84.31491121184973,A,1
43.68930393049749,100.66829385146715,C,1
74.37734548851822,126.11296229113228,B,1
51.1356621460953,133.2061422836081,B,1
70.90518530914095,97.58670661295078,B,1
38.11821988602954,81.1626893503804,A,0
62.03085041397579,116.69609094665833,C,0
46.15875836862854,89.41162573435376,C,0
38.01679369690975,97.04368402846994,A,1
57.62240850893135,143.13190226092593,B,0
67.11366146315163,130.6778857141442,B,1
44.86070273687804,113.94935780628629,B,1
37.01180847449918,78.20202497218193,A,0
53.89786282798054,115.28491418676647,C,1
53.950776054673824,136.56643226968816,B,0
61.57983553065398,100.60915835586161,B,0
66.39513485637386,143.7778522496679,B,1
54.28701782473007,142.31863223795517,A,1
77.26603977753115,151.59332080358683,A,1
57.6908169344235,117.63107816328382,C,0
50.842881927917205,124.6847924951503,A,1
35.66119169076607,145.35468220827724,C,0
51.84808575620599,121.18484842672439,B,0
50.96335665506636,97.46914730524469,B,0
66.52365755537764,98.78642908680347,B,0
60.54980348880225,115.96387384434348,B,0
40.8475705404086,77.73596445134453,A,0
57.06705263693245,106.41852711589519,B,1
63.05837406074864,137.41367795575636,C,0
73.336376312654,55.21865372086798,C,0
65.65004760896872,148.36205254486288,A,0
64.13015985173773,138.059355467579,B,1
55.721031935381966,98.50588460423809,A,0
59.6597440650814,123.58477069679523,A,1
69.99405880847391,110.07869317265816,A,1
39.0066712302442,140.74975921096708,C,0
50.80672807339653,134.56707856924854,A,1
45.72917501492511,74.99823192042477,A,0
59.54983742471349,124.68156033660442,A,1
69.76266610780945,104.8593036589188,A,1
47.83630855934712,112.0708142629525,C,0
26.316347590366746,91.79570247575461,A,0
50.05335105970636,153.70342672802087,A,1
65.96168478420888,136.0015454975644,C,1
61.45155883539856,91.50572090067581,B,0
60.13823497372691,76.63473482724419,C,1
51.640080377506244,100.3581842255538,B,1
39.65163116536256,120.86256615228264,A,1
61.18353185949361,116.00514609865557,C,0
44.9886182795845,141.3283206192061,A,1
81.20916080056547,129.74799305452132,B,1
61.84608650025419,134.23922564382266,B,0
48.032220369352586,118.17138501526094,A,1
47.66337703133646,75.26753174472525,C,1
53.88466952063694,105.10753672132746,C,1
52.125976935739004,136.50224349771665,C,0
68.40200530635946,108.71192678688385,C,1
57.23699403692856,122.57725921559367,B,0
46.220419133097664,102.03129211884666,A,1
77.6852882218694,84.25470378645387,A,0
55.59169997824267,106.91639839884724,B,1
64.22607611162677,117.72618607581634,B,1
47.701281910662885,93.60780701346391,C,0
59.35738753293428,104.10721887858328,B,1
58.733319893718345,86.51341895035043,B,1
32.32420849484616,137.9811229391024,B,0
79.18330132552768,102.63860606029915,C,1
70.48773353107056,146.31888862815458,C,1
50.23365620624815,148.2186962635227,C,0
41.77276311452974,107.97385088195641,B,0
59.170739365642625,84.78878168631626,C,0
56.040372392972756,57.85255305666657,A,0
59.26802738275875,73.19907317433021,C,1
57.298928754329076,75.65412937753351,B,0
61.07489187167111,144.4617406865376,B,1
72.36766839270167,112.89561468067365,B,1
61.81723846154375,119.74011310229969,C,0
42.40413401308071,54.489474776621854,A,1
71.35075423254942,80.05083926956846,C,1
74.68737476185945,132.17699441115718,B,1
92.82468081414501,117.16935280956466,B,0
41.518071601124824,106.31986803286007,A,0
57.9145841578033,124.12105896500306,B,1
30.014815561732153,150.89494515339538,B,1
61.637789876550514,104.47393841157374,B,1
48.42159642199873,111.73424506645173,C,1
78.08134953789944,114.81492296828263,B,0
45.70462035977702,169.80274088184981,C,1
34.72980354439286,57.51609338952436,B,0
49.344835111569765,127.08057536972021,C,0
31.29414674539435,107.12994378102341,A,1
64.01319345408773,124.16929315460449,B,0
30.219003444924155,93.56568615013188,B,1
55.3414909741979,108.77587422853874,B,1
30.06625816172564,127.78526448663737,C,0
51.1564263455603,187.82275502609602,A,1
74.72053786965441,130.20090473505178,A,1
59.32777469722954,88.79836004923729,C,1
44.63807674042079,99.40600794943242,A,0
54.625558132730994,98.66464729040365,C,0
55.21620246453336,65.10892068424963,B,1
60.671564150120865,101.74774520746406,C,0
38.59769964063008,128.32072704554363,A,0
62.11080728616797,78.14419702308012,A,1
22.547300420766696,136.2120662762648,B,0
47.441385371634276,122.19437052710845,C,1
49.140713890581466,91.64416695072406,B,0
62.59992191285486,106.46175906655381,B,1
55.27157023212243,149.95804519102583,C,1
38.13324335372456,128.33869533764664,C,0
43.180082490195815,110.21959137245369,C,0
57.384160114568886,104.0579170759754,C,1
54.05119189762532,111.91522676129149,A,1
48.05051068437104,97.20591105144241,A,1
49.22999452585625,57.38126235702463,C,0
63.35401596591147,161.05444776336827,C,0
48.78768912556942,113.88312497998504,A,1
53.94290507165112,119.95368162806344,A,1
81.03923905696652,108.55230625307728,C,1
37.91580835739292,91.62207998188529,A,1
32.777887221104095,105.35188797628074,B,1
64.40307597758328,70.01513094514222,B,1
46.85628326447076,166.9271624513326,B,0
51.181149667088555,79.1372000394401,C,1
45.626123462426634,84.20084290382052,B,1
51.88239831078985,98.99351989034,C,0
74.1824573451561,142.20189312130944,B,1
64.62554150341744,110.36272498156636,B,1
65.34668214264373,79.09660509923845,C,1
38.00527533048825,141.3584590189335,A,1
41.18615516136557,128.27501566963704,A,1
20.931056086174877,123.46087393041131,A,0
45.28743014700695,127.89335602927102,A,1
66.4804382366279,169.85904751456127,B,1
61.20335818898045,164.6273723759028,C,1
52.34184084457451,92.83211642491761,C,0
54.73239659538336,150.5971248202788,C,0
46.73337348909513,119.57920474397251,B,1
57.45710658882141,122.47739540344374,B,1
64.19053935376738,67.69322920891679,B,1
35.60935855107432,105.7403558652951,A,1
58.59577225404818,89.67941024158588,A,1
66.18921845145601,130.70147037233272,B,1
50.018796532439566,136.77701251007014,C,1
63.408407345447,58.137841224592215,A,0
88.77585333367064,109.44912839989324,A,1
53.7478864841573,138.0465376198563,C,1
59.719684600063886,105.33302594216387,A,0
46.1433149960633,128.22659112505912,C,0
57.17501395122461,118.7791366906771,C,0
60.52325949978765,118.54150579881566,C,1
57.33810808324166,103.21712554829256,B,0
42.76365616349372,79.58547989660727,C,1
57.47634125590541,81.96174631437431,B,1
72.54635126461164,127.73381286138293,C,1
60.38362917417433,110.48645638797208,B,1
66.5438462688621,106.53719388481939,A,0
52.15585635984847,99.40274894194118,B,1
63.99880287308453,102.37027886298121,B,1
58.35121405859831,136.1727948622035,C,1
43.58907124375322,101.61889795329932,C,0
58.822252057586496,76.47338216746078,C,1
43.099640038716274,128.59129438850434,A,1
47.4054367013825,104.87808340338206,C,1
57.27193968750849,110.78489663831941,B,1
58.56693128056149,150.18945765998777,C,1
40.72921041907445,109.48598606623732,C,1
67.64782925419452,117.22959182796814,A,1
61.86407533960568,80.52691271754188,C,1
46.54325877266939,104.50826369122599,A,0
36.5489824426099,125.23815113021503,B,0
53.26114505102282,71.11565665396894,B,0
49.64867543366608,115.02112732789274,A,0
56.35768548463627,112.51977681612016,C,0
50.6426000661332,111.03218638968599,A,1
30.910517671059882,135.9289724664561,A,0
50.3398367403861,118.36096287121303,B,1
51.33257066718024,146.9517974589111,C,0
62.60393229728871,85.16026211014909,C,0
46.6216039046674,113.3981141804587,C,0
75.1440960804708,112.11166965974869,C,0
32.06031339217891,83.26863765612299,B,1
70.73400997363149,133.90737505228364,A,1
52.308172349462744,168.11683264632046,A,0
65.31501846812267,109.57484813790423,B,1
55.957617808704796,122.62552720684417,C,1
68.67466643230563,112.11296189538318,B,1
50.351656425366265,92.1603832523206,C,1
41.816554897866254,64.4809930549496,B,1
72.04605144725275,92.35566292261586,A,1
53.63823224941431,75.20104047620671,A,1
57.65870168349053,152.60255195147795,C,0
69.81702296853754,107.12225765191903,C,1
42.616537094866786,101.35201677382074,C,1
62.14589077167109,132.22884561969514,A,1
47.92126292244531,81.9562224286028,C,1
53.41396773226754,90.82839904988619,A,1
55.867347584611466,111.70180673121553,A,0
36.99733766263677,135.71922478558702,C,1
45.653955486154786,122.54212612921971,A,1
71.21287470895767,116.20812856289706,C,1
65.63429426301755,111.95294338090041,A,1
54.24832507207318,120.00589638816938,B,1
57.917481502154715,115.04132262823137,C,0
51.46908993236251,84.25069313057661,B,1
71.27900062993578,111.15198054082879,C,1
52.595769066470034,83.15778352705618,A,1
57.78210510561818,112.02706357252059,C,0
68.75236172970477,97.98380146279396,B,1
45.67154218184912,173.48454056957155,A,1
73.70547021396273,109.0026404062072,B,1
36.63446308307948,74.89401084346028,A,1
74.55570557335358,106.64549473307689,C,1
50.527892992576305,122.9839686409472,B,0
52.08761502609662,151.8340986538131,A,0
32.319877945804684,95.26369000153204,B,1
49.542463391467685,70.439300649409,B,1
42.522321627677385,130.42092528577453,C,0
47.708243855518326,75.48503235250871,C,0
53.35226841053345,99.09611396231287,B,0
66.49349937367487,103.55948786222515,C,1
57.49124021680751,108.25916366749729,B,0
58.69211984081337,127.2291114268584,A,1
41.853767333853256,92.9091429428403,C,1
44.43095092476724,103.15676869583098,B,0
76.58470022021575,109.64324117626529,C,1
46.17758758284104,113.7399489379697,C,0
74.87449902468755,112.44567936769806,B,1
52.0832656134296,120.9001443805645,C,0
55.02745523372205,131.09598774104342,C,1
67.84438192275915,119.8158528912742,B,1
70.26270906326388,121.33963808773046,C,0
53.67024927665095,70.44442083133805,B,0
50.34108335774153,111.25569247914201,C,1
54.328954617733444,121.98768870004021,C,0
59.05549033878542,128.22352986426125,A,1
65.69564424243707,92.69123064415514,B,1
55.05075830792982,93.52401812778388,C,1
62.426635576277846,95.64748311791004,A,1
74.66031678725129,123.41034749728358,A,1
59.575715347177415,135.84702637310522,B,1
58.73983427205734,99.81349731770996,B,1
36.773070098919185,132.69905784067623,B,0
23.43123835805124,113.08699522911485,A,0
59.66050875076202,106.89285557093909,A,1
53.862109224629535,104.71539425455077,C,1
48.8226079010231,128.66528411505394,B,1
57.922362450236136,118.13944541967675,A,0
54.2751552496371,166.89563569119093,B,1
68.53336300760678,88.6943839250669,B,0
56.033330419107735,122.9525425507494,A,0
46.03692057915799,96.76997475471218,A,1
66.88199486751147,88.26782532528391,A,0
52.39442710064557,109.7283215741257,C,1
61.318440204067684,113.43381198517591,C,0
49.271071525686395,182.9543388765023,C,1
47.202077374030765,105.39635460791995,C,1
56.010018762228356,81.7455317628829,C,0
55.15394372252422,116.82526793735964,B,0
60.757924424402,58.133999061340795,C,1
51.77625096028309,107.70108043489336,A,1
32.963682594755234,110.40063205737901,C,1
49.80671339693934,129.8650095736303,C,0
64.52582160572578,134.34055623569617,B,1
51.43148704908272,97.41075952730706,B,1
52.04339916982542,106.23464963425168,A,1
66.83651807087125,90.84697923473323,C,1
46.45632127289293,81.79843612980765,C,0
36.4863613810852,117.74736948451586,C,0
53.072426565694066,78.16036128508502,B,1
49.18991258501516,99.63432748570342,C,1
43.40504416296095,85.12065100251907,B,0
52.89545852921571,123.7420796572565,C,1
60.898067766961404,155.0357524816622,B,0
54.88853726118621,77.46030042991671,B,0
58.683772872234854,63.67453792756077,B,0
76.76089238218508,106.87782786624831,C,0
50.88545366130923,110.39244489894396,C,1
58.34018361573604,115.46648266893244,A,1
48.88943964881039,98.84198711914138,A,0
44.84368336135633,104.98401752936421,C,0
47.981108158986764,119.18776026351506,B,1
49.25489714173974,136.01077231612098,C,0
59.31370957056551,61.12378074204293,B,1
83.18890944040909,100.77651402421344,A,0
46.40747876468991,115.34521984852658,C,1
50.000496332614446,87.0505973847316,C,0
54.24252384266502,153.2792407941825,B,0
59.749586184516964,94.11475299428157,B,0
58.16260974345742,108.96768282481793,C,0
70.40914952737741,123.90055242105727,A,1
25.8832951535775,95.21788027995264,C,1
26.356841557651926,63.83567380488957,A,0
49.049461935878206,99.28363682708667,B,0
68.16760225052451,135.736013898176,C,1
36.21222362073284,101.57762183037154,C,1
18.90841192367491,88.83914246352553,B,1
61.8541528746305,133.14180523756804,C,1
57.923886684432574,101.73062759942368,B,1
41.917499118406845,97.24597965874457,A,1
43.17352479134884,113.73640224158274,C,1
43.3630753643839,129.2687552404697,C,1
56.326423809687284,169.54283829331365,C,0
47.484216685803915,130.68090269143556,B,0
60.928767027706236,138.99599915970862,A,0
20.744480045147306,97.35084502530361,A,1
44.71777761846641,84.35329735076309,B,1
41.487352469067396,111.55828374047807,C,1
51.923911859530094,112.6792478814899,B,0
48.54342689811834,83.03718146588507,C,1
64.5741253587492,105.61763675239968,A,1
32.68795874007931,119.98294004297827,B,0
55.545897715969026,119.009834875452,A,1
61.70003707854047,122.60719633460681,B,1
77.27976923874346,117.27411825343607,A,1
49.2188083468783,97.32478351824861,C,1
58.893503252230204,97.15248433377892,A,1
33.35364648925162,80.0262150501531,C,1
26.296525548243714,154.61937597962736,B,1
65.1372925093804,110.33625911548232,C,1
54.933276476223156,104.3786736051287,B,0
69.14215227758108,86.78019796368854,C,1
38.51916533236301,183.39144755819444,A,0
61.23882567434503,83.16679919442761,C,0
77.42581408652623,99.27880185984816,C,1
60.03646730028719,120.39592090715152,A,1
58.31897806709259,125.00532414360694,A,1
55.1026729698922,133.9483013803921,B,0
36.14942251448905,155.19021269423158,C,0
71.26687522852419,122.6539413865178,B,0
47.66970832233921,83.5992300008333,B,0
61.053799076596206,103.57637187195546,A,1
36.243588321144955,117.69580931284712,A,0
40.84648402590663,161.7056510376456,C,1
72.22104879066683,75.05486303939257,A,0
50.832372532505886,140.0644126306307,C,1
72.43930571251053,114.49785923866042,C,0
54.06123209129779,130.94576338073702,A,0
32.897226724505714,107.4501320841017,C,0
65.70481119678064,88.93918424684185,A,1
47.9212921869327,128.7718194850333,C,1
63.38426576220452,126.36077567764053,A,1
55.30253041048098,134.30142414349305,C,1
36.48258126468556,109.66738411553412,B,0
56.97153718444683,95.00444941700377,B,1
81.35467770583358,71.03032512440396,B,1
60.91583750217351,130.48433170348517,A,0
54.30978696393444,120.59723706109965,C,0
67.90412082348277,85.85543417840103,B,0
57.52802158243733,96.53565816758439,C,0
57.514410763153535,98.33102970121399,A,1
41.900497934090765,72.92538920043955,C,0
57.80617630947518,89.55794008487166,A,0
67.42532099700334,81.65424107984114,B,0
44.967254174799706,99.68802470280158,A,1
72.09394985496337,91.53256254176094,C,1
53.89952771025849,69.32487697833128,A,0
44.34676586153751,160.56475576423702,C,0
66.97158492304294,141.31351827573076,C,0
51.55846917114077,90.52451446200035,A,1
64.11417864983329,116.81053491634025,C,0
51.49889641289755,120.43662724553238,A,1
54.282086277641156,139.77714636933692,B,1
60.9227224520115,89.53487433349804,C,1
58.490764691080074,137.30266959956066,C,0
31.053618634579138,96.30236739482662,C,1
41.5450751188673,76.60343989578467,A,1
66.15291981748979,128.10341398286243,B,0
53.414360933181435,142.2689606030607,A,0
48.71522436674294,174.6977243382671,C,0
38.69711181691031,80.00686837274466,B,0
42.04316414468982,127.47299212701972,C,0
30.73841632045663,99.75496890516168,A,1
53.784631375581604,129.5839677631008,B,1
47.81874903302744,73.23776121921873,B,1
43.40094530817622,78.4307556075359,A,0
54.182518897984565,90.6031294208379,B,1
59.367647570232855,111.9741011417021,C,0
80.11837518651933,93.97296833654111,C,1
36.85739896524144,126.47635859783549,B,0
68.91257251960627,135.67236545644786,B,0
66.67721873218086,124.9894385311339,A,1
45.65088712747959,150.4696909915217,C,0
57.43883145503237,120.39566573638358,A,1
49.50840100794862,79.57758224149582,C,1
57.22826296502487,144.0844128384585,B,1
73.10957216085461,94.87109410985006,B,1
62.26727479157576,132.76046249213925,C,1
61.1033004788013,149.34335541387765,A,0
49.83628816054429,121.41720026825998,B,1
37.19132002090798,72.59602967088375,B,1
52.4983814735151,87.0446958372552,A,0
69.47929785836698,143.06861167212838,B,0
36.67398572092423,105.77193285892959,C,1
42.33892758187966,111.98933837355415,C,1
56.51521283480882,128.97061040409022,A,1
43.18414258183285,127.40807155200808,C,0
45.48971863461745,116.96999530963652,A,1
49.91681701926188,104.78329071948835,A,0
38.612591149718206,102.18328885669106,A,1
43.31053784540358,131.44747063228357,A,1
63.441135001447705,123.83923827669483,A,0
39.31156261322843,103.56749998455525,C,1
35.825534386061946,137.0528078248285,B,1
47.439700245593265,106.7741471217554,A,1
63.78346603011815,88.70844564164017,A,1
52.63693830403732,91.02573252741638,C,1
49.42502706261258,85.53147909225585,C,1
55.53230557018728,103.18974958490782,A,0
34.051510805684174,140.84310695840483,A,0
60.93646784530039,89.87262047423728,A,0
59.60122037684373,114.71189402545258,A,1
50.08829831085134,93.58276635931466,A,1
67.071094141557,103.49227396821406,B,0
41.47004681256354,72.24896970036869,A,1
68.53490791904284,104.48654427108656,B,1
56.85392398714301,105.15736550487595,A,1
50.96136892146192,123.50719860089238,C,0
54.761516375580264,115.58202283138426,C,1
53.7128228102687,80.04019687619888,B,0
69.6433947570126,137.10495610108856,B,0
42.079850470347836,115.25757600554988,B,1
45.84976913024082,114.95983792943717,B,0
67.43563470486976,109.77044116537152,C,0
47.85358077779369,97.0560638194445,B,1
65.8063969279791,115.44505849371815,C,0
75.39323179610452,121.88971089821456,C,1
50.1784596767004,66.32760771636113,B,0
63.176347918903666,96.53097906634761,B,0
41.155692623921695,103.62632573991027,A,0
64.05679957681372,116.40426514235695,A,0
57.39308783184121,139.83277514817814,B,1
60.676459385922584,90.70647963508044,A,1
47.25313513557526,97.55095382955395,C,1
35.06699901319393,97.18664723383625,A,1
61.039024776994054,89.96181024738647,B,0
30.239162170246544,101.32033762219343,C,1
51.191794093089584,129.27005549969928,C,1
66.29418239703963,83.65411261589136,B,1
57.302772830476435,120.69535987882259,C,0
78.38011173747776,67.45244424954161,B,1
67.30130983098128,95.96655008894486,B,1
47.15321934009308,101.76276749455035,A,0
55.327760558217264,151.87149182285162,B,1
54.43155156946677,103.1299423811828,C,0
36.01387883984647,54.968913163727045,C,1
43.71521300218776,60.02777732846875,C,1
48.27086911624168,110.85073965866702,B,1
30.56535396572876,125.34427139474772,A,1
55.569921619019716,119.38639644068132,A,0
52.01113786416351,114.18925264502475,B,1
34.92527318426111,139.0564899376417,C,1
59.85055438332799,96.51021948157171,C,0
63.59047293629151,132.37276390067063,A,1
57.724413746378666,69.19962787433957,B,1
51.11118189749236,87.37630417654835,B,0
62.09730582102226,64.82396512670459,B,0
63.162644325720294,103.12886748325519,A,0
58.68884283663626,108.84346956834143,A,1
45.10465299478287,112.85253730566299,A,1
58.31920918613417,111.54708382217838,A,1
69.34576780990575,86.8111667297068,A,1
47.84045129665924,105.2439788896696,A,1
80.17527206958917,72.56383328485629,C,1
48.692428792175384,144.08072437830626,B,0
55.38888416008164,102.40934817754997,C,1
46.93017284792397,97.77784702390773,A,1
57.67925003104313,149.72350821110206,B,1
34.0933396883767,78.94383666126927,B,1
48.447498414199345,81.86032214920077,A,0
41.89454559581719,82.59449187828588,C,1
56.62406017470749,108.30321545751295,A,0
66.93336850610689,120.79079074093994,C,1
62.752074245374615,128.49188670294583,C,0
26.540087669693293,174.2998829373742,B,1
79.50483583513457,53.764188644980905,B,0
58.54335928745042,125.21838972811042,C,0
45.682010314083996,96.07173568569422,B,0
56.885535027891294,95.33962127778067,C,0
57.11427787003231,94.50569679365306,A,0
46.99781539658124,87.28075822980067,A,1
57.375000008104905,152.1131208650863,B,1
47.71033254855631,131.05743317534757,B,0
50.147656087719724,110.57989946393437,C,0
46.76465037093899,143.77539381217503,A,1
37.80794452312416,72.18677586752811,C,1
56.75003764258461,76.73237171672685,A,1
62.02359323819606,55.550806695132806,B,1
61.178603152916466,92.51463649691782,B,0
64.83910303162281,114.04246316761882,B,0
58.89208252017842,112.57146444830835,A,0
48.60729402139716,113.733547776497,B,1
65.07596637317427,74.72357922334795,C,1
38.70978952189678,130.07886856535055,B,1
44.19194340985024,115.99068795597495,B,0
43.42959914292106,128.32635703664997,C,0
67.96067270967173,62.6809455602487,C,0
66.3134621696809,117.78727146994474,B,1
60.84766284453994,80.30586900206183,A,0
67.86315838254157,100.06691868621596,C,1
44.44860661105614,123.35912246590958,B,0
59.183141438331766,112.27734015639783,A,1
53.49790685940203,88.71150050551702,A,1
65.16258524661896,110.15682890461046,C,1
53.61730920937363,71.71161711890892,A,1
50.38068533907902,138.7566848974574,C,1
61.490902222731876,104.86789951259372,A,1
65.51403000629479,137.96374860638315,C,1
46.97985766183838,96.83670782259892,B,1
54.26709194377149,96.91060028983543,B,1
42.29871239630017,90.89533033405384,C,1
25.023267790084727,131.9043482923269,B,1
57.405515576964746,92.26422106678811,B,1
62.30686427505558,126.1148858103794,A,0
58.144801709040706,100.43869005826774,A,0
31.605259386947594,60.60091750270951,A,1
50.7898068390823,95.74214830533835,C,1
28.379826879387025,80.52229464092879,A,1
71.43641329185022,110.84756809205844,A,1
41.96734501458297,80.23980660813774,B,1
70.06484331351876,133.14937751786542,C,1
66.35043572420975,107.72310349117431,C,0
44.192915769567264,105.56010013103153,A,1
41.40658058478706,126.39730344468957,A,1
59.204442596636056,134.09767335189656,C,0
44.868111553803146,109.4975312057587,A,1
56.22981570589849,90.71999251126773,C,1
49.20606891031698,65.65075959719677,C,0
33.6260990264124,92.8487560741205,C,0
28.23438377050649,94.56969383380095,A,1
57.72021098193517,112.67643632480741,C,0
48.26130704403249,101.37132797154932,C,0
48.362922197030414,127.19832430128571,B,0
63.35036606912543,94.67541821823276,B,1
69.08130731958934,108.57397082867645,A,1
51.72946334365829,139.59968607992224,A,1
50.91281551708166,118.54563034887417,B,0
61.00171639736661,108.49906145778588,B,1
38.7167731636051,94.95138895162057,B,0
57.67783665697237,94.16921508212558,B,0
61.622631661865846,88.73466867620131,B,1
63.16276250101155,96.47482835542752,C,0
31.758967569970423,128.89164596860786,C,1
45.86373676229271,104.45279321769328,A,1
44.4608409661184,76.25567326546923,B,0
56.19864345291056,154.20423232649458,A,1
60.768934957215805,117.99912977862908,C,1
72.96052488935177,74.82641498717076,C,1
49.060414235583124,98.9537768189794,C,0
49.029130020289436,112.77215957071044,A,1
68.79606422654496,152.61480233243444,C,0
58.55892326236366,82.29718854352826,A,1
70.21181813425568,134.40101798389867,C,0
58.46473603611803,144.98716067430857,A,1
41.11460057544075,94.28364237313575,C,0
39.00245974266632,103.06215952849416,B,0
36.38185301129285,84.09226881565574,C,1
62.94462201710168,104.91347147299238,C,1
69.2631618770441,109.08525064142673,A,1
77.19234569663658,126.49124995205926,A,1
65.11726398787889,137.25458677551117,C,0
68.95406293041984,91.29759838445882,B,1
48.039804008155784,60.81687339435014,A,1
41.12301019907372,109.46888051809395,B,0
65.20095198901063,117.33843824921601,B,1
60.01216902687281,116.23544219212604,A,1
56.28933249209071,101.8331688122739,A,1
59.64845776759588,113.11880249159836,A,1
58.87822578949847,147.88612020880618,B,1
70.40580231824273,119.54335422406274,C,0
70.53982701780347,100.6657893749229,C,0
61.530644228084164,97.49505457260011,C,1
65.14963447075513,105.75369105805673,A,0
61.16875062909731,150.918499045766,C,0
49.46596321558457,105.41748226184507,B,1
64.07877609895768,109.5051413869823,A,1
38.26605917368886,97.94216072659242,C,0
67.64669862755059,137.47458393604913,C,1
40.66572472280758,158.99593136861688,C,1
58.42963944153679,121.26532623578471,C,0
44.85815249888609,112.06932259463565,A,1
61.64066779689312,110.91957082935588,A,1
54.592897288865096,50.39233028035636,C,1
35.86292850204001,128.62877160712043,A,1
60.04839557222175,113.35416039989609,B,0
48.06495067800747,120.70855126651813,C,1
65.57376064976043,92.21344514790738,C,0
55.015908264812886,100.38857802557271,B,1
59.74505182465646,99.72437658742068,C,1
43.509172539817456,135.54057460182597,C,1
47.928013222871655,100.53100408492267,C,0
49.496336366786984,162.06650805274495,A,0
65.28042976291067,120.77156047537594,A,0
75.12852505366587,78.10793350010671,B,1
45.337938979085486,106.78634266870108,A,0
67.92217773589216,93.7081219460896,A,1
28.963870987291575,55.140438254499394,A,0
40.66972718689253,149.98677350284473,B,1
43.4946585257587,127.5785635555001,C,0
38.76989572671133,123.33018294748281,A,1
35.99693932254904,114.1350915074926,C,1
59.95598694565357,75.44956078268906,C,1
52.431187627265665,97.90957151111408,A,1
59.55286477126132,131.04451936960032,C,1
63.28567223345816,83.71949925543743,B,1
58.1874039180704,46.705767093729655,B,0
62.89315811380448,104.32234980547685,C,0
54.165612565092765,106.45606114931154,A,1
40.75607934033106,113.38908541036773,C,1
67.69377016984956,128.2129660878634,A,1
47.93065440662647,125.94014530578022,C,0
43.77284441485089,116.46924513109803,B,0
52.86498549034722,139.88828470216774,C,0
44.046268968441844,72.02575547966714,A,0
49.990835416126814,122.61454536193476,C,0
59.1286470587616,125.66345908342356,C,0
59.180100870953524,79.01094284799402,B,0
44.22603920289245,72.42823478294027,C,1
49.147535524615066,91.35144683810996,B,0
67.89199605724292,93.4614639371177,C,1
60.956801412807295,128.83548658756078,B,0
79.9007804721825,94.63653040772263,C,1
69.16153808489832,88.5912870429699,C,1
68.73151682271927,94.70915658263603,B,0
38.34557739453038,137.9658083538553,A,1
64.16632421960107,110.3260843594238,B,0
54.36271837963707,105.51872436607721,C,1
48.38821835754101,107.24986253247371,A,0
57.01618408639034,142.30150835816306,B,1
66.3425384153378,91.27070683491895,C,1
61.00997909205054,142.8877072735026,B,0
44.45831438389528,115.2624074730376,C,1
63.90950696311144,105.98951545061631,A,0
47.34894949508843,172.52251244835702,A,1
57.60019742757144,83.6090127550351,C,1
51.35979919027439,101.15785601082484,A,1
52.37360497917249,79.1892190209,A,0
64.19491570048612,133.81154926340423,C,1
42.517675362209225,152.22972334129196,B,1
78.3423408913232,151.74806953511597,C,0
33.14696716846605,140.5987188286501,C,0
47.82798780094171,105.05948830510086,A,0
59.44254267930089,100.86897556275383,A,1
62.011769997223716,68.22075568764836,C,0
53.79429135313954,160.89683837954482,B,1
54.31131156398149,121.7244519537117,A,0
59.9266010239314,97.70107737826292,C,0
52.22716627050784,143.2014222246742,A,1
71.71817509521887,85.68088708099998,C,1
65.07218937077923,120.16555085556685,A,1
65.47389221206761,105.68427164272913,A,1
43.406119319554996,125.96692849700753,A,1
54.04733890713157,108.41066152034696,C,0
51.39440861535156,73.72680272221939,C,0
42.93278349172641,111.88940931675094,C,1
59.3219702073492,136.22160354688407,B,1
48.5482509066422,109.26958985365037,B,1
62.86484595820284,129.37787803972714,A,0
42.157701245268015,83.86176285814867,B,0
75.62848735410185,109.34348016825369,B,0
44.24400809689526,94.38723862278556,C,1
57.63162804640523,128.67452100261775,A,1
64.5023117246568,110.7872890565499,C,1
48.152314837598645,127.25184190841532,A,0
65.22962372119541,137.19276065394666,C,1
40.249796826395006,127.29046437803471,A,1
72.42541239019073,116.82796085734111,B,0
55.1697911795891,85.04469353721487,B,1
47.84306310437344,109.93034723332747,B,0
51.40981873087079,96.67273994960416,B,0
64.70703123271264,101.39840108239434,B,1
47.986536497794745,100.63664623124373,B,1
46.00770772692667,85.50186063044389,C,1
52.34156082899514,61.06653527165025,C,1
40.87645464676038,93.29642379180584,C,0
76.84652689530179,114.83448629810398,A,1
48.203264905423325,76.29557386431274,C,1
64.97940143416484,110.3920559117906,B,1
57.51364100377327,157.50671060777412,B,1
43.18559139421638,135.576413881306,B,0
54.92854348944725,151.08853772801322,B,0
64.40803335172897,119.77819692331815,A,1
52.74086397896432,139.18774557466116,A,0
69.31735535021234,91.90088173830532,A,1
67.25818471338236,93.8914933244504,C,0
66.02697825589995,41.521494846563186,C,0
49.484118732724035,139.65363685105748,C,0
42.041890626622155,148.50809949549716,C,1
